,Employee_Name,Salary,Termd,Position,State,Zip,DOB,Sex,MaritalDesc,CitizenDesc,HispanicLatino,RaceDesc,DateofHire,DateofTermination,TermReason,EmploymentStatus,Department,ManagerName,RecruitmentSource,PerformanceScore,EngagementSurvey,EmpSatisfaction,SpecialProjectsCount,LastPerformanceReview_Date,DaysLateLast30,Absences
0,"Adinolfi, Wilson  K",62506,0,Production Technician I,MA,1960,07/10/83,M ,Single,US Citizen,No,White,7/5/2011,,N/A-StillEmployed,Active,Production       ,Michael Albert,LinkedIn,Exceeds,4.6,5,0,1/17/2019,0,1
1,"Ait Sidi, Karthikeyan   ",104437,1,Sr. DBA,MA,2148,05/05/75,M ,Married,US Citizen,No,White,3/30/2015,6/16/2016,career change,Voluntarily Terminated,IT/IS,Simon Roup,Indeed,Fully Meets,4.96,3,6,2/24/2016,0,17
2,"Akinkuolie, Sarah",64955,1,Production Technician II,MA,1810,09/19/88,F,Married,US Citizen,No,White,7/5/2011,9/24/2012,hours,Voluntarily Terminated,Production       ,Kissy Sullivan,LinkedIn,Fully Meets,3.02,3,0,5/15/2012,0,3
3,"Alagbe,Trina",64991,0,Production Technician I,MA,1886,09/27/88,F,Married,US Citizen,No,White,1/7/2008,,N/A-StillEmployed,Active,Production       ,Elijiah Gray,Indeed,Fully Meets,4.84,5,0,1/3/2019,0,15
4,"Anderson, Carol ",50825,1,Production Technician I,MA,2169,09/08/89,F,Divorced,US Citizen,No,White,7/11/2011,9/6/2016,return to school,Voluntarily Terminated,Production       ,Webster Butler,Google Search,Fully Meets,5.0,4,0,2/1/2016,0,2
5,"Anderson, Linda  ",57568,0,Production Technician I,MA,1844,05/22/77,F,Single,US Citizen,No,White,1/9/2012,,N/A-StillEmployed,Active,Production       ,Amy Dunn,LinkedIn,Exceeds,5.0,5,0,1/7/2019,0,15
6,"Andreola, Colby",95660,0,Software Engineer,MA,2110,05/24/79,F,Single,US Citizen,No,White,11/10/2014,,N/A-StillEmployed,Active,Software Engineering,Alex Sweetwater,LinkedIn,Fully Meets,3.04,3,4,1/2/2019,0,19
7,"Athwal, Sam",59365,0,Production Technician I,MA,2199,02/18/83,M ,Widowed,US Citizen,No,White,9/30/2013,,N/A-StillEmployed,Active,Production       ,Ketsia Liebig,Employee Referral,Fully Meets,5.0,4,0,2/25/2019,0,19
8,"Bachiochi, Linda",47837,0,Production Technician I,MA,1902,02/11/70,F,Single,US Citizen,No,Black or African American,7/6/2009,,N/A-StillEmployed,Active,Production       ,Brannon Miller,Diversity Job Fair,Fully Meets,4.46,3,0,1/25/2019,0,4
9,"Bacong, Alejandro ",50178,0,IT Support,MA,1886,01/07/88,M ,Divorced,US Citizen,No,White,1/5/2015,,N/A-StillEmployed,Active,IT/IS,Peter Monroe,Indeed,Fully Meets,5.0,5,6,2/18/2019,0,16
10,"Baczenski, Rachael  ",54670,1,Production Technician I,MA,1902,01/12/74,F,Married,US Citizen,Yes,Black or African American,1/10/2011,1/12/2017,Another position,Voluntarily Terminated,Production       ,David Stanley,Diversity Job Fair,Fully Meets,4.2,4,0,1/30/2016,0,12
11,"Barbara, Thomas",47211,1,Production Technician I,MA,2062,02/21/74,M ,Married,US Citizen,Yes,Black or African American,4/2/2012,9/19/2016,unhappy,Voluntarily Terminated,Production       ,Kissy Sullivan,Diversity Job Fair,Fully Meets,4.2,3,0,5/6/2016,0,15
12,"Barbossa, Hector",92328,0,Data Analyst,TX,78230,07/04/88,M ,Divorced,US Citizen,No,Black or African American,11/10/2014,,N/A-StillEmployed,Active,IT/IS,Simon Roup,Diversity Job Fair,Exceeds,4.28,4,5,2/25/2019,0,9
13,"Barone, Francesco  A",58709,0,Production Technician I,MA,1810,07/20/83,M ,Single,US Citizen,No,Two or more races,2/20/2012,,N/A-StillEmployed,Active,Production       ,Kelley Spirea,Google Search,Fully Meets,4.6,4,0,2/14/2019,0,7
14,"Barton, Nader",52505,1,Production Technician I,MA,2747,07/15/77,M ,Divorced,US Citizen,No,White,9/24/2012,4/6/2017,Another position,Voluntarily Terminated,Production       ,Michael Albert,On-line Web application,Fully Meets,5.0,5,0,3/2/2017,0,1
15,"Bates, Norman",57834,1,Production Technician I,MA,2050,10/18/81,M ,Single,US Citizen,No,White,2/21/2011,8/4/2017,attendance,Terminated for Cause,Production       ,Kelley Spirea,Google Search,Fully Meets,5.0,4,0,4/5/2017,0,20
16,"Beak, Kimberly  ",70131,0,Production Technician II,MA,2145,04/17/66,F,Married,US Citizen,No,White,7/21/2016,,N/A-StillEmployed,Active,Production       ,Kelley Spirea,Employee Referral,Exceeds,4.4,3,0,1/14/2019,0,16
17,"Beatrice, Courtney ",59026,0,Production Technician I,MA,1915,10/27/70,F,Single,Eligible NonCitizen,No,White,4/4/2011,,N/A-StillEmployed,Active,Production       ,Elijiah Gray,Google Search,Fully Meets,5.0,5,0,1/14/2019,0,12
18,"Becker, Renee",110000,1,Database Administrator,MA,2026,04/04/86,F,Single,US Citizen,Yes,White,7/7/2014,9/12/2015,performance,Terminated for Cause,IT/IS,Simon Roup,Google Search,Fully Meets,4.5,4,5,1/15/2015,0,8
19,"Becker, Scott",53250,0,Production Technician I,MA,2452,04/06/79,M ,Single,US Citizen,No,Asian,7/8/2013,,N/A-StillEmployed,Active,Production       ,Webster Butler,LinkedIn,Fully Meets,4.2,4,0,1/11/2019,0,13
20,"Bernstein, Sean",51044,0,Production Technician I,MA,2072,12/22/70,M ,Single,US Citizen,Yes,White,4/2/2012,,N/A-StillEmployed,Active,Production       ,Amy Dunn,Google Search,Fully Meets,5.0,3,0,1/14/2019,0,13
21,"Biden, Lowan  M",64919,0,Production Technician I,MA,2027,12/27/58,F,Divorced,US Citizen,No,Asian,8/19/2013,,N/A-StillEmployed,Active,Production       ,Ketsia Liebig,Indeed,Fully Meets,4.2,3,0,1/10/2019,0,2
22,"Billis, Helen",62910,0,Production Technician I,MA,2031,09/01/89,F,Married,US Citizen,No,White,7/7/2014,,N/A-StillEmployed,Active,Production       ,Brannon Miller,Indeed,Exceeds,5.0,3,0,2/27/2019,0,19
23,"Blount, Dianna",66441,0,Production Technician II,MA,2171,09/21/90,F,Single,US Citizen,No,White,4/4/2011,,N/A-StillEmployed,Active,Production       ,Michael Albert,CareerBuilder,Needs Improvement,2.0,3,0,2/27/2019,2,3
24,"Bondwell, Betsy",57815,1,Production Technician II,MA,2210,01/16/67,F,Single,US Citizen,No,White,1/10/2011,4/4/2014,career change,Voluntarily Terminated,Production       ,Elijiah Gray,Google Search,Fully Meets,4.8,5,0,3/4/2014,0,5
25,"Booth, Frank",103613,1,Enterprise Architect,CT,6033,07/30/64,M ,Single,US Citizen,No,Black or African American,2/17/2014,2/19/2016,Learned that he is a gangster,Terminated for Cause,IT/IS,Simon Roup,LinkedIn,Fully Meets,3.5,5,7,1/10/2016,0,2
26,"Boutwell, Bonalyn",106367,0,Sr. Accountant,MA,2468,04/04/87,F,Married,US Citizen,No,Black or African American,2/16/2015,,N/A-StillEmployed,Active,Admin Offices,Brandon R. LeBlanc,Diversity Job Fair,Fully Meets,5.0,4,3,2/18/2019,0,4
27,"Bozzi, Charles",74312,1,Production Manager,MA,1901,03/10/70,M ,Single,US Citizen,No,Asian,9/30/2013,8/7/2014,retiring,Voluntarily Terminated,Production       ,Janet King,Indeed,Fully Meets,3.39,3,0,2/20/2014,0,14
28,"Brill, Donna",53492,1,Production Technician I,MA,1701,08/24/90,F,Married,US Citizen,No,White,4/2/2012,6/15/2013,Another position,Voluntarily Terminated,Production       ,David Stanley,Google Search,Fully Meets,3.35,4,0,3/4/2013,0,6
29,"Brown, Mia",63000,0,Accountant I,MA,1450,11/24/87,F,Married,US Citizen,No,Black or African American,10/27/2008,,N/A-StillEmployed,Active,Admin Offices,Brandon R. LeBlanc,Diversity Job Fair,Fully Meets,4.5,2,6,1/15/2019,0,14
30,"Buccheri, Joseph  ",65288,0,Production Technician II,MA,1013,07/28/83,M ,Single,US Citizen,No,White,9/29/2014,,N/A-StillEmployed,Active,Production       ,Webster Butler,Google Search,Fully Meets,3.19,3,0,2/1/2019,0,9
31,"Bugali, Josephine ",64375,0,Production Technician I,MA,2043,10/30/69,F,Separated,US Citizen,No,Black or African American,11/11/2013,,N/A-StillEmployed,Active,Production       ,Kissy Sullivan,Diversity Job Fair,Fully Meets,3.5,5,0,1/21/2019,0,17
32,"Bunbury, Jessica",74326,1,Area Sales Manager,VA,21851,06/01/64,F,Married,Eligible NonCitizen,No,Black or African American,8/15/2011,8/2/2014,Another position,Voluntarily Terminated,Sales,John Smith,Google Search,Fully Meets,3.14,5,0,2/10/2013,1,19
33,"Burke, Joelle",63763,0,Production Technician II,MA,2148,03/02/80,F,Single,US Citizen,No,Black or African American,3/5/2012,,N/A-StillEmployed,Active,Production       ,Amy Dunn,Employee Referral,Fully Meets,4.51,4,0,2/21/2019,0,3
34,"Burkett, Benjamin ",62162,0,Production Technician II,MA,1890,08/19/77,M ,Married,US Citizen,No,White,4/4/2011,,N/A-StillEmployed,Active,Production       ,Ketsia Liebig,Indeed,Fully Meets,3.25,5,0,1/14/2019,0,15
35,"Cady, Max ",77692,0,Software Engineering Manager,MA,2184,11/22/66,M ,Single,US Citizen,No,White,8/15/2011,,N/A-StillEmployed,Active,Software Engineering,Jennifer Zamora,Google Search,Fully Meets,3.84,3,5,1/21/2019,0,4
36,"Candie, Calvin",72640,0,Production Manager,MA,2169,08/09/83,M ,Single,US Citizen,No,White,1/28/2016,,N/A-StillEmployed,Active,Production       ,Janet King,Indeed,Exceeds,5.0,3,0,2/22/2019,0,14
37,"Carabbio, Judith",93396,0,Software Engineer,MA,2132,04/05/87,F,Single,US Citizen,No,White,11/11/2013,,N/A-StillEmployed,Active,Software Engineering,Alex Sweetwater,Indeed,Fully Meets,4.96,4,6,1/30/2019,0,3
38,"Carey, Michael  ",52846,0,Production Technician I,MA,1701,02/02/83,M ,Single,US Citizen,No,Black or African American,3/31/2014,,N/A-StillEmployed,Active,Production       ,Kelley Spirea,LinkedIn,Fully Meets,4.43,3,0,2/1/2019,0,14
39,"Carr, Claudia  N",100031,0,Sr. DBA,MA,1886,06/06/86,F,Single,US Citizen,No,Black or African American,6/30/2016,,N/A-StillEmployed,Active,IT/IS,Simon Roup,LinkedIn,Fully Meets,5.0,5,6,2/18/2019,0,7
40,"Carter, Michelle ",71860,0,Area Sales Manager,VT,5664,05/15/63,F,Single,US Citizen,No,White,8/18/2014,,N/A-StillEmployed,Active,Sales,John Smith,Indeed,Fully Meets,5.0,5,0,1/21/2019,0,7
41,"Chace, Beatrice ",61656,0,Production Technician I,MA,2763,01/02/51,F,Single,US Citizen,No,White,9/29/2014,,N/A-StillEmployed,Active,Production       ,Michael Albert,Google Search,Fully Meets,5.0,4,0,2/12/2019,0,11
42,"Champaigne, Brian",110929,0,BI Director,MA,2045,02/09/72,M ,Married,US Citizen,No,White,9/6/2016,,N/A-StillEmployed,Active,IT/IS,Jennifer Zamora,Indeed,Fully Meets,4.5,5,7,1/15/2019,0,8
43,"Chan, Lin",54237,0,Production Technician I,MA,2170,02/12/79,F,Single,US Citizen,No,White,5/12/2014,,N/A-StillEmployed,Active,Production       ,Elijiah Gray,Indeed,Fully Meets,3.3,4,0,2/19/2019,0,11
44,"Chang, Donovan  E",60380,0,Production Technician I,MA,1845,08/24/83,M ,Single,US Citizen,No,White,7/8/2013,,N/A-StillEmployed,Active,Production       ,Webster Butler,LinkedIn,Fully Meets,3.8,5,0,1/14/2019,0,4
45,"Chigurh, Anton",66808,0,Area Sales Manager,TX,78207,06/11/70,M ,Single,Eligible NonCitizen,No,Black or African American,5/14/2012,,N/A-StillEmployed,Active,Sales,Lynn Daneault,Employee Referral,Fully Meets,3.0,5,0,1/19/2019,0,17
46,"Chivukula, Enola",64786,1,Production Technician I,MA,1775,08/27/83,F,Single,US Citizen,No,White,6/27/2011,11/15/2015,relocation out of area,Voluntarily Terminated,Production       ,Amy Dunn,Indeed,Fully Meets,4.3,4,0,3/10/2015,0,3
47,"Cierpiszewski, Caroline  ",64816,0,Production Technician I,MA,2044,05/31/88,F,Single,Non-Citizen,No,Black or African American,10/3/2011,,N/A-StillEmployed,Active,Production       ,Ketsia Liebig,Indeed,Fully Meets,3.58,5,0,1/30/2019,0,3
48,"Clayton, Rick",68678,0,IT Support,MA,2170,09/05/85,M ,Single,US Citizen,No,White,9/5/2012,,N/A-StillEmployed,Active,IT/IS,Eric Dougall,Indeed,Fully Meets,4.7,3,6,2/27/2019,0,2
49,"Cloninger, Jennifer",64066,1,Production Technician II,MA,1752,08/31/81,F,Married,US Citizen,No,White,5/16/2011,1/7/2013,unhappy,Voluntarily Terminated,Production       ,Brannon Miller,Google Search,Fully Meets,4.2,5,0,5/3/2012,0,9
50,"Close, Phil",59369,1,Production Technician II,MA,2169,11/25/78,M ,Married,US Citizen,No,White,8/30/2010,9/26/2011,career change,Voluntarily Terminated,Production       ,David Stanley,Indeed,Fully Meets,4.2,4,0,5/4/2011,0,6
51,"Clukey, Elijian",50373,0,Production Technician I,MA,2134,08/26/80,M ,Married,US Citizen,No,White,7/6/2016,,N/A-StillEmployed,Active,Production       ,Brannon Miller,Employee Referral,Exceeds,4.1,4,0,2/28/2019,0,5
52,"Cockel, James",63108,0,Production Technician I,MA,2452,09/08/77,M ,Single,US Citizen,No,White,7/8/2013,,N/A-StillEmployed,Active,Production       ,David Stanley,Employee Referral,Fully Meets,4.4,5,0,1/14/2019,0,3
53,"Cole, Spencer",59144,1,Production Technician I,MA,1880,08/12/79,M ,Single,US Citizen,No,Black or African American,7/11/2011,9/23/2016,performance,Terminated for Cause,Production       ,Kissy Sullivan,LinkedIn,Needs Improvement,2.0,3,0,5/1/2016,5,16
54,"Corleone, Michael",68051,0,Production Manager,MA,1803,12/17/75,M ,Divorced,US Citizen,No,White,7/20/2010,,N/A-StillEmployed,Active,Production       ,Janet King,CareerBuilder,Needs Improvement,4.13,2,0,1/14/2019,3,3
55,"Corleone, Vito",170500,0,Director of Operations,MA,2030,03/19/83,M ,Single,US Citizen,No,Black or African American,1/5/2009,,N/A-StillEmployed,Active,Production       ,Janet King,Indeed,Exceeds,3.7,5,0,2/4/2019,0,15
56,"Cornett, Lisa ",63381,0,Production Technician I,MA,2189,03/31/77,F,Married,US Citizen,Yes,White,1/5/2015,,N/A-StillEmployed,Active,Production       ,Kelley Spirea,Indeed,Fully Meets,4.73,5,0,2/14/2019,0,6
57,"Costello, Frank",83552,0,Data Analyst,MA,1810,08/26/86,M ,Married,US Citizen,No,White,3/30/2015,,N/A-StillEmployed,Active,IT/IS,Simon Roup,Indeed,Fully Meets,3.04,3,6,1/22/2019,0,2
58,"Crimmings,   Jean",56149,0,Production Technician I,MA,1821,04/10/87,F,Single,US Citizen,No,White,7/6/2016,,N/A-StillEmployed,Active,Production       ,Michael Albert,LinkedIn,Fully Meets,4.12,5,0,1/28/2019,0,15
59,"Cross, Noah",92329,0,Sr. Network Engineer,CT,6278,09/09/65,M ,Single,US Citizen,No,White,11/10/2014,,N/A-StillEmployed,Active,IT/IS,Peter Monroe,Employee Referral,Fully Meets,5.0,3,4,1/2/2019,0,5
60,"Daneault, Lynn",65729,0,Sales Manager,VT,5473,04/19/90,F,Single,US Citizen,No,White,5/5/2014,,N/A-StillEmployed,Active,Sales,Debra Houlihan,Indeed,Fully Meets,4.62,4,0,1/24/2019,0,8
61,"Daniele, Ann  ",85028,0,Sr. Network Engineer,CT,6033,01/18/52,F,Married,US Citizen,No,White,11/10/2014,,N/A-StillEmployed,Active,IT/IS,Peter Monroe,LinkedIn,Fully Meets,3.1,5,8,2/12/2019,0,19
62,"Darson, Jene'ya ",57583,0,Production Technician I,MA,2110,11/05/78,F,Married,US Citizen,No,White,7/2/2012,,N/A-StillEmployed,Active,Production       ,Elijiah Gray,Indeed,Fully Meets,5.0,3,0,2/25/2019,0,1
63,"Davis, Daniel",56294,0,Production Technician II,MA,2458,09/14/79,M ,Single,Eligible NonCitizen,No,Two or more races,11/7/2011,,N/A-StillEmployed,Active,Production       ,Kissy Sullivan,LinkedIn,Fully Meets,3.96,4,0,2/27/2019,0,6
64,"Dee, Randy",56991,0,Production Technician I,MA,2138,04/15/88,M ,Married,US Citizen,No,White,7/9/2018,,N/A-StillEmployed,Active,Production       ,Brannon Miller,Indeed,Fully Meets,4.3,4,3,1/31/2019,2,2
65,"DeGweck,  James",55722,1,Production Technician I,MA,1810,10/31/77,M ,Married,US Citizen,No,White,5/16/2011,6/8/2016,unhappy,Voluntarily Terminated,Production       ,Webster Butler,Indeed,Fully Meets,5.0,4,0,4/2/2016,0,14
66,"Del Bosque, Keyla",101199,0,Software Engineer,MA,2176,07/05/79,F,Single,US Citizen,No,Black or African American,1/9/2012,,N/A-StillEmployed,Active,Software Engineering,Alex Sweetwater,CareerBuilder,Fully Meets,3.79,5,5,1/25/2019,0,8
67,"Delarge, Alex",61568,0,Area Sales Manager,AL,36006,11/02/75,M ,Single,US Citizen,No,Two or more races,9/29/2014,,N/A-StillEmployed,Active,Sales,John Smith,Indeed,PIP,1.93,3,0,1/30/2019,6,5
68,"Demita, Carla",58275,1,Production Technician II,MA,2343,02/25/51,F,Separated,US Citizen,No,Black or African American,4/4/2011,11/4/2015,more money,Voluntarily Terminated,Production       ,Kelley Spirea,Google Search,Fully Meets,4.62,5,0,5/6/2015,0,1
69,"Desimone, Carl ",53189,0,Production Technician I,MA,2061,04/19/67,M ,Married,US Citizen,No,White,7/7/2014,,N/A-StillEmployed,Active,Production       ,Amy Dunn,Indeed,PIP,1.12,2,0,1/31/2019,4,9
70,"DeVito, Tommy",96820,0,BI Developer,MA,2045,09/04/83,M ,Single,US Citizen,No,White,2/15/2017,,N/A-StillEmployed,Active,IT/IS,Brian Champaigne,Indeed,Fully Meets,3.01,5,7,1/23/2019,0,15
71,"Dickinson, Geoff ",51259,0,Production Technician I,MA,2180,11/15/82,M ,Single,US Citizen,No,White,5/12/2014,,N/A-StillEmployed,Active,Production       ,Ketsia Liebig,Indeed,Fully Meets,4.3,4,0,2/19/2019,0,1
72,"Dietrich, Jenna  ",59231,0,Area Sales Manager,WA,98052,05/14/87,F,Single,US Citizen,Yes,White,2/20/2012,,N/A-StillEmployed,Active,Sales,John Smith,Website,PIP,2.3,1,0,1/29/2019,2,17
73,"DiNocco, Lily ",61584,0,Production Technician I,MA,2351,12/02/78,F,Married,US Citizen,No,Black or African American,1/7/2013,,N/A-StillEmployed,Active,Production       ,Brannon Miller,Indeed,Needs Improvement,3.88,4,0,1/18/2019,0,6
74,"Dobrin, Denisa  S",46335,0,Production Technician I,MA,2125,10/07/86,F,Single,US Citizen,Yes,White,4/2/2012,,N/A-StillEmployed,Active,Production       ,David Stanley,CareerBuilder,Fully Meets,3.4,5,0,2/19/2019,0,15
75,"Dolan, Linda",70621,0,IT Support,MA,2119,07/18/88,F,Married,US Citizen,No,White,1/5/2015,,N/A-StillEmployed,Active,IT/IS,Peter Monroe,Employee Referral,Fully Meets,4.11,4,6,2/25/2019,0,16
76,"Dougall, Eric",138888,0,IT Manager - Support,MA,1886,07/09/70,M ,Single,US Citizen,No,Black or African American,1/5/2014,,N/A-StillEmployed,Active,IT/IS,Jennifer Zamora,Indeed,Exceeds,4.3,5,5,1/4/2019,0,4
77,"Driver, Elle",74241,0,Area Sales Manager,CA,90007,11/08/88,F,Single,US Citizen,No,White,1/10/2011,,N/A-StillEmployed,Active,Sales,Lynn Daneault,Indeed,Exceeds,4.77,5,0,1/27/2019,0,14
78,"Dunn, Amy  ",75188,0,Production Manager,MA,1731,11/28/73,F,Single,US Citizen,No,White,9/18/2014,,N/A-StillEmployed,Active,Production       ,Janet King,Google Search,Fully Meets,4.52,4,0,1/15/2019,0,4
79,"Dunne, Amy",62514,0,Production Technician I,MA,1749,09/23/73,F,Married,US Citizen,No,White,4/26/2010,,N/A-StillEmployed,Active,Production       ,Ketsia Liebig,Google Search,Fully Meets,2.9,3,0,1/21/2019,0,6
80,"Eaton, Marianne",60070,1,Production Technician I,MA,2343,09/05/91,F,Married,US Citizen,No,White,4/4/2011,6/6/2017,military,Voluntarily Terminated,Production       ,Kissy Sullivan,Google Search,Fully Meets,5.0,3,0,4/9/2017,0,7
81,"Engdahl, Jean",48888,0,Production Technician I,MA,2026,05/31/74,M ,Single,US Citizen,No,White,11/10/2014,,N/A-StillEmployed,Active,Production       ,Kelley Spirea,LinkedIn,Fully Meets,4.7,5,0,2/13/2019,0,8
82,"England, Rex",54285,0,Production Technician I,MA,2045,08/25/78,M ,Married,US Citizen,No,White,3/31/2014,,N/A-StillEmployed,Active,Production       ,Kelley Spirea,Employee Referral,Fully Meets,4.2,3,0,1/11/2019,0,3
83,"Erilus, Angela",56847,0,Production Technician II,MA,2133,08/25/89,F,Separated,US Citizen,No,White,7/7/2014,,N/A-StillEmployed,Active,Production       ,Michael Albert,Indeed,PIP,3.0,1,0,2/25/2019,2,5
84,"Estremera, Miguel",60340,1,Production Technician I,MA,2129,09/02/83,M ,Single,US Citizen,No,White,4/2/2012,9/27/2018,attendance,Terminated for Cause,Production       ,Michael Albert,Google Search,Needs Improvement,5.0,4,0,4/12/2018,5,16
85,"Evensen, April",59124,1,Production Technician I,MA,2458,05/06/89,F,Single,US Citizen,No,White,2/17/2014,2/25/2018,"no-call, no-show",Terminated for Cause,Production       ,Elijiah Gray,Google Search,Needs Improvement,2.3,3,0,1/15/2017,5,19
86,"Exantus, Susan",99280,1,Software Engineer,MA,1749,05/15/87,F,Married,US Citizen,No,Black or African American,5/2/2011,6/5/2013,attendance,Terminated for Cause,Software Engineering,Alex Sweetwater,Indeed,Needs Improvement,2.1,5,4,8/10/2012,4,19
87,"Faller, Megan ",71776,0,Production Technician II,MA,1824,09/22/78,F,Married,US Citizen,No,Black or African American,7/7/2014,,N/A-StillEmployed,Active,Production       ,Elijiah Gray,LinkedIn,Fully Meets,4.4,5,0,2/22/2019,0,17
88,"Fancett, Nicole",65902,0,Production Technician II,MA,2324,09/27/87,F,Single,US Citizen,No,Black or African American,2/17/2014,,N/A-StillEmployed,Active,Production       ,Webster Butler,LinkedIn,Fully Meets,4.0,4,0,1/7/2019,0,7
89,"Ferguson, Susan",57748,1,Production Technician I,MA,2176,04/14/55,F,Married,US Citizen,No,White,11/7/2011,5/17/2016,military,Voluntarily Terminated,Production       ,Webster Butler,Google Search,Fully Meets,3.13,3,0,2/4/2016,0,16
90,"Fernandes, Nilson  ",64057,0,Production Technician I,MA,2132,10/18/89,M ,Married,US Citizen,No,White,5/11/2015,,N/A-StillEmployed,Active,Production       ,Amy Dunn,Indeed,PIP,1.56,5,0,1/3/2019,6,15
91,"Fett, Boba",53366,0,Network Engineer,MA,2138,06/18/87,M ,Single,US Citizen,No,White,3/30/2015,,N/A-StillEmployed,Active,IT/IS,Peter Monroe,LinkedIn,PIP,1.2,3,6,2/4/2019,3,2
92,"Fidelia,  Libby",58530,0,Production Technician I,MA,2155,03/16/81,F,Married,US Citizen,No,White,1/9/2012,,N/A-StillEmployed,Active,Production       ,Brannon Miller,Google Search,Fully Meets,5.0,5,0,1/29/2019,0,19
93,"Fitzpatrick, Michael  J",72609,1,Production Technician II,MA,2143,10/01/81,M ,Single,US Citizen,Yes,White,5/16/2011,6/24/2013,hours,Voluntarily Terminated,Production       ,Amy Dunn,Google Search,Fully Meets,4.76,5,0,4/5/2013,0,20
94,"Foreman, Tanya",55965,1,Production Technician II,MA,2170,11/08/83,F,Married,US Citizen,No,White,4/4/2011,1/9/2013,career change,Voluntarily Terminated,Production       ,Ketsia Liebig,Google Search,Fully Meets,3.66,3,0,1/7/2012,0,6
95,"Forrest, Alex",70187,1,Area Sales Manager,MA,2330,07/07/75,M ,Married,US Citizen,No,White,9/29/2014,8/19/2018,Fatal attraction,Terminated for Cause,Sales,Lynn Daneault,Employee Referral,PIP,2.0,5,0,1/28/2019,4,7
96,"Foss, Jason",178000,0,IT Director,MA,1460,07/05/80,M ,Single,US Citizen,No,Black or African American,4/15/2011,,N/A-StillEmployed,Active,IT/IS,Jennifer Zamora,Indeed,Exceeds,5.0,5,5,1/7/2019,0,15
97,"Foster-Baker, Amy",99351,0,Sr. Accountant,MA,2050,04/16/79,F,Married,US Citizen,no,White,1/5/2009,,N/A-StillEmployed,Active,Admin Offices,Board of Directors,Other,Fully Meets,5.0,3,2,2/8/2019,0,3
98,"Fraval, Maruk ",67251,0,Area Sales Manager,CT,6050,08/28/63,M ,Single,US Citizen,No,Black or African American,9/6/2011,,N/A-StillEmployed,Active,Sales,Lynn Daneault,CareerBuilder,Fully Meets,4.3,3,0,1/27/2019,2,7
99,"Galia, Lisa",65707,0,IT Support,CT,6040,07/06/68,F,Single,US Citizen,No,White,5/1/2010,,N/A-StillEmployed,Active,IT/IS,Eric Dougall,LinkedIn,Fully Meets,4.7,4,5,2/1/2019,0,1
100,"Garcia, Raul",52249,0,Production Technician I,MA,1905,09/15/85,M ,Single,US Citizen,Yes,White,3/30/2015,,N/A-StillEmployed,Active,Production       ,David Stanley,Employee Referral,Fully Meets,4.5,3,0,2/18/2019,0,5
101,"Gaul, Barbara",53171,0,Production Technician I,MA,2121,12/02/83,F,Single,US Citizen,Yes,Black or African American,5/16/2011,,N/A-StillEmployed,Active,Production       ,Kelley Spirea,LinkedIn,Fully Meets,4.2,4,0,2/26/2019,0,12
102,"Gentry, Mildred",51337,0,Production Technician I,MA,2145,10/01/90,F,Married,US Citizen,No,Black or African American,3/30/2015,,N/A-StillEmployed,Active,Production       ,Michael Albert,LinkedIn,Fully Meets,3.73,3,0,1/16/2019,0,19
103,"Gerke, Melisa",51505,1,Production Technician I,MA,2330,05/15/70,F,Divorced,US Citizen,No,Black or African American,11/7/2011,11/15/2016,hours,Voluntarily Terminated,Production       ,Elijiah Gray,Diversity Job Fair,Fully Meets,4.24,4,0,4/29/2016,0,2
104,"Gill, Whitney  ",59370,1,Area Sales Manager,OH,43050,07/10/71,F,Widowed,US Citizen,No,Black or African American,7/7/2014,9/5/2015,attendance,Terminated for Cause,Sales,John Smith,CareerBuilder,Fully Meets,3.97,4,0,1/15/2014,0,7
105,"Gilles, Alex",54933,1,Production Technician I,MA,2062,08/09/74,M ,Married,US Citizen,No,Black or African American,4/2/2012,6/25/2015,military,Voluntarily Terminated,Production       ,Webster Butler,Diversity Job Fair,Needs Improvement,3.97,4,0,1/20/2015,3,15
106,"Girifalco, Evelyn",57815,0,Production Technician I,MA,2451,05/08/80,F,Single,US Citizen,Yes,Two or more races,9/29/2014,,N/A-StillEmployed,Active,Production       ,Amy Dunn,Indeed,Exceeds,3.9,4,0,2/7/2019,0,3
107,"Givens, Myriam",61555,0,Area Sales Manager,IN,46204,09/22/89,F,Single,US Citizen,No,White,2/16/2015,,N/A-StillEmployed,Active,Sales,Lynn Daneault,Indeed,Fully Meets,4.5,5,0,1/25/2019,0,20
108,"Goble, Taisha",114800,1,Database Administrator,MA,2127,10/23/71,F,Single,US Citizen,No,White,2/16/2015,3/15/2015,"no-call, no-show",Terminated for Cause,IT/IS,Simon Roup,Indeed,Fully Meets,4.6,4,4,1/20/2015,0,10
109,"Goeth, Amon",74679,0,IT Support,MA,2135,11/24/89,M ,Married,US Citizen,Yes,White,3/30/2015,,N/A-StillEmployed,Active,IT/IS,Peter Monroe,LinkedIn,Fully Meets,4.3,5,7,1/10/2019,0,20
110,"Gold, Shenice  ",53018,0,Production Technician I,MA,2451,06/18/92,F,Single,US Citizen,Yes,White,11/11/2013,,N/A-StillEmployed,Active,Production       ,Ketsia Liebig,Indeed,Fully Meets,4.3,5,0,2/18/2019,0,7
111,"Gonzalez, Cayo",59892,0,Production Technician I,MA,2108,09/29/69,M ,Divorced,US Citizen,No,Black or African American,7/11/2011,,N/A-StillEmployed,Active,Production       ,Brannon Miller,Diversity Job Fair,Exceeds,4.5,4,0,2/18/2019,0,1
112,"Gonzalez, Juan",68898,1,Production Technician II,MA,2128,10/12/64,M ,Married,US Citizen,No,Black or African American,4/26/2010,5/30/2011,career change,Voluntarily Terminated,Production       ,Brannon Miller,Diversity Job Fair,PIP,3.0,3,0,3/6/2011,3,10
113,"Gonzalez, Maria",61242,0,IT Support,MA,2472,04/16/81,F,Separated,US Citizen,Yes,White,1/5/2015,,N/A-StillEmployed,Active,IT/IS,Peter Monroe,Employee Referral,Fully Meets,4.61,4,5,1/28/2019,0,11
114,"Good, Susan",66825,0,Production Technician II,MA,1886,05/25/86,F,Married,US Citizen,No,White,5/12/2014,,N/A-StillEmployed,Active,Production       ,David Stanley,LinkedIn,Fully Meets,4.6,3,0,2/7/2019,0,20
115,"Gordon, David",48285,0,Production Technician I,MA,2169,05/21/79,M ,Married,US Citizen,No,White,7/2/2012,,N/A-StillEmployed,Active,Production       ,David Stanley,LinkedIn,Fully Meets,5.0,3,0,1/14/2019,0,2
116,"Gosciminski, Phylicia  ",66149,0,Production Technician II,MA,1824,12/08/83,F,Separated,US Citizen,No,American Indian or Alaska Native,9/30/2013,,N/A-StillEmployed,Active,Production       ,Kissy Sullivan,Google Search,Fully Meets,4.4,5,0,2/21/2019,0,1
117,"Goyal, Roxana",49256,0,Production Technician I,MA,1864,10/09/74,F,Married,US Citizen,No,Asian,8/19/2013,,N/A-StillEmployed,Active,Production       ,Kissy Sullivan,LinkedIn,Fully Meets,4.1,5,0,2/15/2019,0,3
118,"Gray, Elijiah  ",62957,0,Production Manager,MA,1752,07/11/81,M ,Divorced,US Citizen,No,White,6/2/2015,,N/A-StillEmployed,Active,Production       ,Janet King,Employee Referral,Fully Meets,4.63,3,0,1/4/2019,0,2
119,"Gross, Paula",63813,1,Production Technician I,MA,2176,05/21/83,F,Divorced,US Citizen,No,White,2/21/2011,1/11/2014,more money,Voluntarily Terminated,Production       ,Kelley Spirea,CareerBuilder,Fully Meets,5.0,5,0,6/3/2013,0,17
120,"Gruber, Hans",99020,0,BI Developer,MA,2134,06/30/89,M ,Married,US Citizen,No,Black or African American,4/20/2017,,N/A-StillEmployed,Active,IT/IS,Brian Champaigne,Indeed,Fully Meets,4.2,5,5,1/28/2019,0,8
121,"Guilianno, Mike",71707,1,Area Sales Manager,TN,37129,02/09/69,M ,Single,US Citizen,No,Two or more races,3/7/2012,10/31/2014,relocation out of area,Voluntarily Terminated,Sales,John Smith,LinkedIn,Fully Meets,4.5,5,0,2/1/2013,0,20
122,"Handschiegl, Joanne",54828,0,Production Technician I,MA,2127,03/23/77,F,Married,US Citizen,No,White,11/28/2011,,N/A-StillEmployed,Active,Production       ,Michael Albert,Google Search,Fully Meets,4.2,4,0,2/22/2019,0,13
123,"Hankard, Earnest",64246,0,Production Technician II,MA,2155,08/10/88,M ,Single,US Citizen,Yes,White,11/11/2013,,N/A-StillEmployed,Active,Production       ,Kelley Spirea,LinkedIn,Fully Meets,5.0,3,0,1/8/2019,0,20
124,"Harrington, Christie ",52177,1,Production Technician I,MA,2324,08/18/52,F,Single,US Citizen,No,White,1/9/2012,12/15/2015,retiring,Voluntarily Terminated,Production       ,Webster Butler,CareerBuilder,Fully Meets,4.64,4,0,5/2/2015,0,8
125,"Harrison, Kara",62065,0,Production Technician I,MA,1886,05/02/74,F,Married,US Citizen,No,White,5/12/2014,,N/A-StillEmployed,Active,Production       ,Amy Dunn,CareerBuilder,Exceeds,4.76,4,0,2/15/2019,0,5
126,"Heitzman, Anthony",46998,0,Production Technician I,MA,2149,01/04/84,M ,Single,US Citizen,No,White,8/13/2012,,N/A-StillEmployed,Active,Production       ,Ketsia Liebig,Google Search,Fully Meets,4.17,4,0,2/11/2019,0,1
127,"Hendrickson, Trina",68099,1,Production Technician II,MA,2021,08/27/72,F,Single,US Citizen,No,White,1/10/2011,6/18/2013,hours,Voluntarily Terminated,Production       ,Kelley Spirea,CareerBuilder,Fully Meets,5.0,3,0,1/30/2013,0,15
128,"Hitchcock, Alfred",70545,0,Area Sales Manager,NH,3062,09/14/88,M ,Married,US Citizen,No,American Indian or Alaska Native,8/18/2014,,N/A-StillEmployed,Active,Sales,John Smith,Indeed,Fully Meets,3.6,5,0,1/30/2019,0,9
129,"Homberger, Adrienne  J",63478,1,Production Technician II,MA,2445,02/16/84,F,Married,Non-Citizen,No,White,8/15/2011,4/7/2012,relocation out of area,Voluntarily Terminated,Production       ,Michael Albert,Indeed,Fully Meets,3.03,5,0,3/5/2012,0,16
130,"Horton, Jayne",97999,0,Database Administrator,MA,2493,02/21/84,F,Single,US Citizen,No,White,3/30/2015,,N/A-StillEmployed,Active,IT/IS,Simon Roup,Indeed,Fully Meets,4.48,5,6,1/3/2019,0,4
131,"Houlihan, Debra",180000,0,Director of Sales,RI,2908,03/17/66,F,Married,US Citizen,No,White,5/5/2014,,N/A-StillEmployed,Active,Sales,Janet King,LinkedIn,Fully Meets,4.5,4,0,1/21/2019,0,19
132,"Howard, Estelle",49920,1,Administrative Assistant,MA,2170,09/16/85,F,Married,US Citizen,No,Black or African American,2/16/2015,4/15/2015,"no-call, no-show",Terminated for Cause,Admin Offices,Brandon R. LeBlanc,Indeed,Fully Meets,3.24,3,4,4/15/2015,0,6
133,"Hudson, Jane",55425,0,Production Technician I,MA,2176,06/10/86,F,Single,US Citizen,No,White,2/20/2012,,N/A-StillEmployed,Active,Production       ,Ketsia Liebig,LinkedIn,Fully Meets,4.8,4,0,1/7/2019,0,4
134,"Hunts, Julissa",69340,0,Production Technician II,MA,2021,03/11/84,F,Single,US Citizen,No,White,6/6/2016,,N/A-StillEmployed,Active,Production       ,Elijiah Gray,LinkedIn,Fully Meets,3.0,5,0,1/18/2019,0,4
135,"Hutter, Rosalie",64995,0,Production Technician II,MA,2351,05/07/92,F,Separated,US Citizen,No,White,6/5/2015,,N/A-StillEmployed,Active,Production       ,Webster Butler,Indeed,Fully Meets,4.5,3,0,2/14/2019,0,6
136,"Huynh, Ming",68182,1,Production Technician II,MA,1742,09/22/76,F,Divorced,US Citizen,No,White,2/21/2011,4/1/2013,unhappy,Voluntarily Terminated,Production       ,Amy Dunn,Google Search,Fully Meets,3.72,3,0,2/1/2013,0,18
137,"Immediato, Walter",83082,1,Production Manager,MA,2128,11/15/76,M ,Married,US Citizen,No,Asian,2/21/2011,9/24/2012,unhappy,Voluntarily Terminated,Production       ,Janet King,Indeed,Needs Improvement,2.34,2,0,4/12/2012,3,4
138,"Ivey, Rose ",51908,0,Production Technician I,MA,1775,01/28/91,F,Single,US Citizen,No,White,8/19/2013,,N/A-StillEmployed,Active,Production       ,Brannon Miller,Indeed,Fully Meets,3.99,3,0,1/14/2019,0,14
139,"Jackson, Maryellen",61242,0,Production Technician I,MA,2081,09/11/72,F,Single,US Citizen,No,Black or African American,11/5/2012,,N/A-StillEmployed,Active,Production       ,David Stanley,LinkedIn,Fully Meets,4.1,3,0,1/17/2019,0,7
140,"Jacobi, Hannah  ",45069,0,Production Technician I,MA,1778,03/22/66,F,Divorced,US Citizen,No,White,9/30/2013,,N/A-StillEmployed,Active,Production       ,Kissy Sullivan,Employee Referral,Fully Meets,4.3,5,0,2/22/2019,0,7
141,"Jeannite, Tayana",60724,0,Production Technician II,MA,1821,11/06/86,F,Divorced,US Citizen,No,American Indian or Alaska Native,7/5/2011,,N/A-StillEmployed,Active,Production       ,Ketsia Liebig,LinkedIn,Exceeds,4.6,4,0,2/25/2019,0,11
142,"Jhaveri, Sneha  ",60436,0,Production Technician I,MA,2109,04/13/64,F,Separated,US Citizen,No,White,1/6/2014,,N/A-StillEmployed,Active,Production       ,Kelley Spirea,LinkedIn,Fully Meets,5.0,5,0,1/21/2019,0,9
143,"Johnson, George",46837,1,Production Technician I,MA,2445,08/19/59,M ,Married,US Citizen,No,White,11/7/2011,4/29/2018,more money,Voluntarily Terminated,Production       ,Michael Albert,CareerBuilder,Exceeds,4.7,4,0,2/14/2018,0,9
144,"Johnson, Noelle ",105700,0,Database Administrator,MA,2301,11/07/86,F,Married,US Citizen,No,Asian,1/5/2015,,N/A-StillEmployed,Active,IT/IS,Simon Roup,Indeed,Fully Meets,3.75,3,5,2/11/2019,0,2
145,"Johnston, Yen",63322,0,Production Technician II,MA,2128,09/08/69,F,Single,US Citizen,No,White,7/7/2014,,N/A-StillEmployed,Active,Production       ,Brannon Miller,LinkedIn,Exceeds,4.3,3,0,1/11/2019,0,1
146,"Jung, Judy  ",61154,1,Production Technician I,MA,2446,04/17/86,F,Married,US Citizen,No,Black or African American,1/10/2011,4/1/2016,unhappy,Voluntarily Terminated,Production       ,Elijiah Gray,CareerBuilder,Fully Meets,4.0,4,0,2/3/2016,0,4
147,"Kampew, Donysha",68999,1,Sales Manager,PA,19444,11/11/89,F,Single,US Citizen,No,White,11/7/2011,4/24/2014,maternity leave - did not return,Voluntarily Terminated,Sales,Debra Houlihan,Google Search,Fully Meets,4.5,5,0,3/30/2013,0,2
148,"Keatts, Kramer ",50482,0,Production Technician I,MA,1887,01/19/76,M ,Single,US Citizen,No,White,9/30/2013,,N/A-StillEmployed,Active,Production       ,Michael Albert,Indeed,Fully Meets,3.07,4,0,1/23/2019,0,10
149,"Khemmich, Bartholemew",65310,0,Area Sales Manager,CO,80820,11/27/79,M ,Single,US Citizen,No,White,8/19/2013,,N/A-StillEmployed,Active,Sales,Lynn Daneault,Indeed,Fully Meets,4.3,5,0,1/22/2019,0,13
150,"King, Janet",250000,0,President & CEO,MA,1902,09/21/54,F,Married,US Citizen,Yes,White,7/2/2012,,N/A-StillEmployed,Active,Executive Office,Board of Directors,Indeed,Fully Meets,4.83,3,0,1/17/2019,0,10
151,"Kinsella, Kathleen  ",54005,1,Production Technician I,MA,2170,12/08/73,F,Married,US Citizen,No,White,9/26/2011,6/4/2015,more money,Voluntarily Terminated,Production       ,Webster Butler,Google Search,Fully Meets,3.6,5,0,3/1/2015,0,16
152,"Kirill, Alexandra  ",45433,1,Production Technician I,MA,2127,10/08/70,F,Married,US Citizen,No,White,9/26/2011,1/9/2014,more money,Voluntarily Terminated,Production       ,Amy Dunn,Google Search,Fully Meets,3.49,4,0,1/30/2013,0,6
153,"Knapp, Bradley  J",46654,0,Production Technician I,MA,1721,11/10/77,M ,Single,US Citizen,No,Black or African American,2/17/2014,,N/A-StillEmployed,Active,Production       ,Ketsia Liebig,LinkedIn,Fully Meets,3.1,3,0,2/6/2019,0,3
154,"Kretschmer, John",63973,0,Production Technician I,MA,1801,02/02/80,M ,Married,US Citizen,No,Asian,1/10/2011,,N/A-StillEmployed,Active,Production       ,Brannon Miller,Indeed,Fully Meets,3.38,3,0,1/21/2019,0,17
155,"Kreuger, Freddy",71339,0,Area Sales Manager,NY,10171,02/24/69,M ,Single,US Citizen,Yes,Black or African American,3/7/2011,,N/A-StillEmployed,Active,Sales,John Smith,Diversity Job Fair,Fully Meets,3.65,5,0,1/17/2019,0,20
156,"Lajiri,  Jyoti",93206,0,Sr. Network Engineer,MA,2169,04/23/86,M ,Married,US Citizen,No,White,11/10/2014,,N/A-StillEmployed,Active,IT/IS,Peter Monroe,Employee Referral,Fully Meets,4.46,5,6,1/7/2019,0,7
157,"Landa, Hans",82758,1,Production Manager,MA,1890,07/01/72,M ,Married,US Citizen,No,White,1/10/2011,12/12/2015,attendance,Terminated for Cause,Production       ,Janet King,Employee Referral,Fully Meets,4.78,4,0,2/15/2015,0,9
158,"Langford, Lindsey",66074,1,Production Technician II,MA,2090,07/25/79,F,Divorced,US Citizen,No,Asian,1/7/2013,3/31/2014,Another position,Voluntarily Terminated,Production       ,David Stanley,Indeed,Fully Meets,4.52,3,0,2/20/2014,0,20
159,"Langton, Enrico",46120,0,Production Technician I,MA,2048,12/09/86,M ,Married,US Citizen,No,White,7/9/2012,,N/A-StillEmployed,Active,Production       ,David Stanley,LinkedIn,Fully Meets,5.0,5,0,2/4/2019,0,13
160,"LaRotonda, William  ",64520,0,Accountant I,MA,1460,04/26/84,M ,Divorced,US Citizen,No,Black or African American,1/6/2014,,N/A-StillEmployed,Active,Admin Offices,Brandon R. LeBlanc,Website,Fully Meets,5.0,4,4,1/17/2019,0,3
161,"Latif, Mohammed",61962,1,Production Technician II,MA,2126,05/09/84,M ,Married,US Citizen,No,White,4/2/2012,4/15/2013,more money,Voluntarily Terminated,Production       ,Kissy Sullivan,Google Search,Fully Meets,4.9,3,0,2/20/2013,0,20
162,"Le, Binh",81584,0,Senior BI Developer,MA,1886,06/14/87,F,Single,US Citizen,No,Asian,10/2/2016,,N/A-StillEmployed,Active,IT/IS,Brian Champaigne,Indeed,Fully Meets,4.1,5,7,1/8/2019,0,2
163,"Leach, Dallas",63676,1,Production Technician I,MA,1810,01/17/79,F,Single,US Citizen,No,Asian,9/26/2011,8/19/2018,return to school,Voluntarily Terminated,Production       ,Kissy Sullivan,CareerBuilder,Fully Meets,4.88,3,0,7/2/2017,0,17
164,"LeBlanc, Brandon  R",93046,0,Shared Services Manager,MA,1460,06/10/84,M ,Married,US Citizen,No,White,1/5/2016,,N/A-StillEmployed,Active,Admin Offices,Janet King,CareerBuilder,Fully Meets,4.1,4,0,1/28/2019,0,20
165,"Lecter, Hannibal",64738,0,Production Technician I,MA,1776,09/02/82,M ,Married,US Citizen,No,Asian,5/14/2012,,N/A-StillEmployed,Active,Production       ,Elijiah Gray,Google Search,Fully Meets,4.1,3,0,2/22/2019,0,10
166,"Leruth, Giovanni",70468,0,Area Sales Manager,UT,84111,12/27/88,M ,Separated,US Citizen,No,Black or African American,4/30/2012,,N/A-StillEmployed,Active,Sales,John Smith,Website,Fully Meets,4.53,3,0,1/29/2019,0,16
167,"Liebig, Ketsia",77915,0,Production Manager,MA,2110,10/26/81,F,Married,US Citizen,No,White,9/30/2013,,N/A-StillEmployed,Active,Production       ,Janet King,Website,Exceeds,4.1,3,0,1/21/2019,0,11
168,"Linares, Marilyn ",52624,1,Production Technician I,MA,1886,03/26/81,F,Married,US Citizen,No,White,7/5/2011,9/26/2018,unhappy,Voluntarily Terminated,Production       ,Michael Albert,Indeed,Fully Meets,3.18,4,0,3/2/2018,0,16
169,"Linden, Mathew",63450,0,Production Technician II,MA,1770,03/19/79,M ,Married,US Citizen,No,White,7/8/2013,,N/A-StillEmployed,Active,Production       ,Kelley Spirea,LinkedIn,Fully Meets,4.0,3,0,2/18/2019,0,7
170,"Lindsay, Leonara ",51777,0,IT Support,CT,6070,10/05/88,F,Single,US Citizen,Yes,Black or African American,1/21/2011,,N/A-StillEmployed,Active,IT/IS,Eric Dougall,Diversity Job Fair,Exceeds,4.64,4,5,1/25/2019,0,14
171,"Lundy, Susan",67237,1,Production Technician II,MA,2122,12/26/76,F,Widowed,US Citizen,No,White,7/8/2013,9/15/2016,more money,Voluntarily Terminated,Production       ,Michael Albert,LinkedIn,Fully Meets,4.65,4,0,6/10/2016,0,15
172,"Lunquist, Lisa",73330,0,Production Technician II,MA,2324,03/28/82,F,Single,US Citizen,No,Black or African American,8/19/2013,,N/A-StillEmployed,Active,Production       ,Elijiah Gray,Indeed,Exceeds,4.2,4,0,2/12/2019,0,19
173,"Lydon, Allison",52057,0,Production Technician I,MA,2122,10/22/75,F,Married,US Citizen,No,Black or African American,2/16/2015,,N/A-StillEmployed,Active,Production       ,Elijiah Gray,Website,Fully Meets,5.0,3,0,1/23/2019,0,6
174,"Lynch, Lindsay",47434,1,Production Technician I,MA,1844,02/14/73,F,Single,US Citizen,Yes,Black or African American,11/7/2011,11/14/2015,Another position,Voluntarily Terminated,Production       ,Webster Butler,Diversity Job Fair,Exceeds,5.0,4,0,2/2/2015,0,17
175,"MacLennan, Samuel",52788,1,Production Technician I,MA,1938,11/09/72,M ,Widowed,US Citizen,No,White,9/24/2012,9/26/2017,hours,Voluntarily Terminated,Production       ,Amy Dunn,Indeed,Fully Meets,3.08,4,0,4/1/2017,0,18
176,"Mahoney, Lauren  ",45395,0,Production Technician I,MA,2189,07/07/86,F,Single,US Citizen,No,White,1/6/2014,,N/A-StillEmployed,Active,Production       ,Ketsia Liebig,LinkedIn,Fully Meets,4.6,4,0,2/26/2019,0,14
177,"Manchester, Robyn",62385,0,Production Technician II,MA,2324,08/25/76,F,Married,US Citizen,No,White,5/11/2016,,N/A-StillEmployed,Active,Production       ,Webster Butler,LinkedIn,Fully Meets,5.0,3,0,1/21/2019,0,4
178,"Mancuso, Karen",68407,1,Production Technician II,MA,2176,12/10/86,F,Married,US Citizen,No,Two or more races,7/5/2011,8/19/2012,Another position,Voluntarily Terminated,Production       ,Amy Dunn,LinkedIn,Fully Meets,5.0,4,0,7/2/2012,0,16
179,"Mangal, Debbie",61349,0,Production Technician I,MA,2451,11/07/74,F,Married,US Citizen,No,White,11/11/2013,,N/A-StillEmployed,Active,Production       ,Brannon Miller,LinkedIn,Fully Meets,4.1,3,0,1/22/2019,0,11
180,"Martin, Sandra",105688,0,Software Engineer,MA,2135,11/07/87,F,Single,US Citizen,No,Asian,11/11/2013,,N/A-StillEmployed,Active,Software Engineering,Alex Sweetwater,Google Search,Fully Meets,4.5,5,4,1/14/2019,0,14
181,"Maurice, Shana",54132,0,Production Technician I,MA,2330,11/22/77,F,Married,US Citizen,No,White,5/31/2011,,N/A-StillEmployed,Active,Production       ,David Stanley,Indeed,Fully Meets,5.0,4,0,1/10/2019,0,8
182,"Carthy, B'rigit",55315,0,Production Technician II,MA,2149,05/21/87,F,Single,US Citizen,No,Black or African American,3/30/2015,,N/A-StillEmployed,Active,Production       ,Ketsia Liebig,LinkedIn,Fully Meets,5.0,5,0,2/7/2019,0,16
183,"Mckenna, Sandy",62810,0,Production Technician I,MA,2184,01/07/87,F,Married,US Citizen,No,Black or African American,1/7/2013,,N/A-StillEmployed,Active,Production       ,Kissy Sullivan,CareerBuilder,Fully Meets,3.93,3,0,1/30/2019,0,20
184,"McKinzie, Jac",63291,0,Area Sales Manager,TX,78789,07/01/84,M ,Married,US Citizen,No,Two or more races,7/6/2016,,N/A-StillEmployed,Active,Sales,Lynn Daneault,Website,Fully Meets,3.4,4,0,1/29/2019,0,7
185,"Meads, Elizabeth",62659,1,Production Technician I,MA,1760,05/30/68,F,Single,US Citizen,No,Black or African American,4/2/2012,11/11/2016,Another position,Voluntarily Terminated,Production       ,Kelley Spirea,Diversity Job Fair,Fully Meets,4.18,4,0,2/5/2016,0,17
186,"Medeiros, Jennifer",55688,0,Production Technician I,MA,2346,09/22/76,F,Single,US Citizen,No,White,3/30/2015,,N/A-StillEmployed,Active,Production       ,Michael Albert,CareerBuilder,Fully Meets,5.0,4,0,1/21/2019,0,10
187,"Miller, Brannon",83667,0,Production Manager,MA,2045,08/10/81,M ,Single,US Citizen,yes,Hispanic,8/16/2012,,N/A-StillEmployed,Active,Production       ,Janet King,Indeed,Fully Meets,4.37,3,0,1/14/2019,0,2
188,"Miller, Ned",55800,1,Production Technician II,MA,2472,06/29/85,M ,Single,US Citizen,No,White,8/15/2011,9/4/2014,unhappy,Voluntarily Terminated,Production       ,Brannon Miller,LinkedIn,PIP,3.0,2,0,1/14/2013,6,6
189,"Monkfish, Erasumus",58207,0,Production Technician II,MA,1450,08/17/92,M ,Married,US Citizen,No,White,11/7/2011,,N/A-StillEmployed,Active,Production       ,David Stanley,LinkedIn,Fully Meets,3.7,3,0,1/8/2019,0,14
190,"Monroe, Peter",157000,0,IT Manager - Infra,MA,2134,10/05/86,M ,Married,Eligible NonCitizen,Yes,Black or African American,2/15/2012,,N/A-StillEmployed,Active,IT/IS,Jennifer Zamora,Diversity Job Fair,Needs Improvement,2.39,3,6,2/22/2019,4,13
191,"Monterro, Luisa",72460,0,Production Technician II,MA,2126,04/24/70,F,Single,US Citizen,No,Black or African American,5/13/2013,,N/A-StillEmployed,Active,Production       ,Kissy Sullivan,Indeed,Exceeds,4.7,3,0,1/14/2019,0,1
192,"Moran, Patrick",72106,0,Production Technician II,MA,2127,12/03/76,M ,Single,US Citizen,No,Black or African American,1/9/2012,,N/A-StillEmployed,Active,Production       ,Kelley Spirea,Diversity Job Fair,Fully Meets,4.1,4,0,1/31/2019,0,12
193,"Morway, Tanya",52599,0,Network Engineer,MA,2048,04/04/79,F,Married,US Citizen,No,White,2/16/2015,,N/A-StillEmployed,Active,IT/IS,Peter Monroe,CareerBuilder,Fully Meets,3.81,3,6,2/11/2019,0,6
194,"Motlagh,  Dawn",63430,0,Production Technician I,MA,2453,07/07/84,F,Divorced,US Citizen,No,White,4/1/2013,,N/A-StillEmployed,Active,Production       ,Elijiah Gray,LinkedIn,Fully Meets,4.4,4,0,1/17/2019,0,18
195,"Moumanil, Maliki ",74417,0,Production Technician II,MA,1460,12/01/74,M ,Separated,US Citizen,No,Black or African American,5/13/2013,,N/A-StillEmployed,Active,Production       ,Michael Albert,LinkedIn,Fully Meets,4.29,5,0,1/28/2019,0,11
196,"Myers, Michael",57575,0,Production Technician I,MA,1550,04/18/80,M ,Single,US Citizen,No,Asian,7/8/2013,,N/A-StillEmployed,Active,Production       ,Kissy Sullivan,LinkedIn,Fully Meets,4.1,4,0,1/22/2019,0,13
197,"Navathe, Kurt",87921,0,Senior BI Developer,MA,2056,04/25/70,M ,Single,US Citizen,No,Asian,2/10/2017,,N/A-StillEmployed,Active,IT/IS,Brian Champaigne,Indeed,Fully Meets,5.0,3,6,2/25/2019,0,17
198,"Ndzi, Colombui",50470,1,Production Technician I,MA,2110,05/02/89,M ,Single,US Citizen,No,Black or African American,9/26/2011,4/4/2014,return to school,Voluntarily Terminated,Production       ,Webster Butler,Diversity Job Fair,Fully Meets,4.3,3,0,3/2/2013,0,19
199,"Ndzi, Horia",46664,1,Production Technician I,MA,2421,03/28/83,M ,Married,US Citizen,No,White,4/1/2013,5/25/2016,more money,Voluntarily Terminated,Production       ,Amy Dunn,Employee Referral,Fully Meets,3.18,3,0,3/6/2016,0,10
200,"Newman, Richard ",48495,0,Production Technician I,MA,2136,04/08/77,M ,Married,US Citizen,No,White,5/12/2014,,N/A-StillEmployed,Active,Production       ,Ketsia Liebig,LinkedIn,Fully Meets,5.0,5,0,2/18/2019,0,11
201,"Ngodup, Shari ",52984,0,Production Technician I,MA,1810,06/03/67,F,Separated,US Citizen,No,Black or African American,4/1/2013,,N/A-StillEmployed,Active,Production       ,Brannon Miller,Diversity Job Fair,Exceeds,4.0,3,0,2/13/2019,0,12
202,"Nguyen, Dheepa",63695,0,Area Sales Manager,GA,30428,03/31/89,F,Single,US Citizen,No,Two or more races,7/8/2013,,N/A-StillEmployed,Active,Sales,Lynn Daneault,Indeed,Fully Meets,5.0,5,0,1/25/2019,0,2
203,"Nguyen, Lei-Ming",62061,0,Production Technician I,MA,2132,07/07/84,F,Single,US Citizen,No,White,7/8/2013,,N/A-StillEmployed,Active,Production       ,David Stanley,LinkedIn,Fully Meets,3.6,5,0,1/2/2019,0,4
204,"Nowlan, Kristie",66738,0,Production Technician II,MA,1040,11/23/85,F,Single,US Citizen,No,White,11/10/2014,,N/A-StillEmployed,Active,Production       ,Elijiah Gray,Indeed,Fully Meets,4.53,5,0,1/16/2019,0,5
205,"O'hare, Lynn",52674,1,Production Technician I,MA,2152,09/30/80,F,Single,US Citizen,No,Two or more races,3/31/2014,5/1/2018,performance,Terminated for Cause,Production       ,Kissy Sullivan,LinkedIn,PIP,2.33,2,0,3/9/2018,6,3
206,"Oliver, Brooke ",71966,1,Production Technician II,MA,2492,02/11/52,F,Married,US Citizen,No,Asian,5/14/2012,8/19/2013,unhappy,Voluntarily Terminated,Production       ,Webster Butler,LinkedIn,Fully Meets,5.0,3,0,7/2/2013,0,17
207,"Onque, Jasmine",63051,0,Area Sales Manager,FL,33174,05/11/90,F,Single,US Citizen,Yes,White,9/30/2013,,N/A-StillEmployed,Active,Sales,Lynn Daneault,Indeed,Fully Meets,4.28,3,0,1/25/2019,0,1
208,"Osturnka, Adeel",47414,0,Production Technician I,MA,2478,12/11/76,M ,Married,US Citizen,No,White,9/30/2013,,N/A-StillEmployed,Active,Production       ,Kelley Spirea,LinkedIn,Exceeds,5.0,3,0,2/7/2019,0,13
209,"Owad, Clinton",53060,0,Production Technician I,MA,1760,11/24/79,M ,Single,US Citizen,No,Black or African American,2/17/2014,,N/A-StillEmployed,Active,Production       ,Michael Albert,LinkedIn,Needs Improvement,4.25,3,0,2/4/2019,4,6
210,"Ozark, Travis",68829,0,Area Sales Manager,NC,27229,05/19/82,M ,Single,US Citizen,No,White,1/5/2015,,N/A-StillEmployed,Active,Sales,John Smith,Website,Fully Meets,5.0,5,0,1/14/2019,0,18
211,"Panjwani, Nina",63515,1,Production Technician I,MA,2351,05/01/79,F,Married,US Citizen,No,White,2/7/2011,1/12/2014,Another position,Voluntarily Terminated,Production       ,Elijiah Gray,Google Search,Fully Meets,3.89,4,0,3/4/2013,0,7
212,"Patronick, Lucas",108987,1,Software Engineer,MA,1844,02/20/79,M ,Single,US Citizen,No,Black or African American,11/7/2011,9/7/2015,Another position,Voluntarily Terminated,Software Engineering,Alex Sweetwater,Diversity Job Fair,Exceeds,5.0,5,3,8/16/2015,0,13
213,"Pearson, Randall",93093,1,Data Analyst,MA,2747,09/05/84,M ,Married,US Citizen,No,White,12/1/2014,5/1/2016,performance,Voluntarily Terminated,IT/IS,Simon Roup,Employee Referral,Fully Meets,4.7,4,5,1/16/2016,0,19
214,"Smith, Martin",53564,1,Production Technician I,MA,2458,03/17/88,M ,Single,US Citizen,No,Black or African American,1/10/2011,12/28/2017,career change,Voluntarily Terminated,Production       ,Webster Butler,Google Search,Needs Improvement,3.54,5,0,4/6/2017,4,15
215,"Pelletier, Ermine",60270,1,Production Technician II,MA,2472,07/18/89,F,Married,US Citizen,No,Asian,7/5/2011,9/15/2015,unhappy,Voluntarily Terminated,Production       ,Amy Dunn,CareerBuilder,Needs Improvement,2.4,5,0,2/6/2015,5,2
216,"Perry, Shakira",45998,1,Production Technician I,MA,2176,07/20/86,F,Single,US Citizen,No,White,5/16/2011,10/25/2015,medical issues,Voluntarily Terminated,Production       ,Amy Dunn,LinkedIn,Fully Meets,3.45,4,0,5/13/2014,0,5
217,"Peters, Lauren",57954,1,Production Technician II,MA,1886,08/17/86,F,Married,US Citizen,No,White,5/16/2011,2/4/2013,more money,Voluntarily Terminated,Production       ,Ketsia Liebig,Indeed,Exceeds,4.2,5,0,1/10/2013,0,12
218,"Peterson, Ebonee  ",74669,1,Production Manager,MA,2030,05/09/77,F,Married,US Citizen,No,White,10/25/2010,5/18/2016,Another position,Voluntarily Terminated,Production       ,Janet King,Indeed,Fully Meets,4.16,5,0,3/5/2015,0,6
219,"Petingill, Shana  ",74226,0,Production Technician II,MA,2050,03/10/79,F,Married,Eligible NonCitizen,No,Asian,4/2/2012,,N/A-StillEmployed,Active,Production       ,Brannon Miller,LinkedIn,Fully Meets,4.3,3,0,1/14/2019,0,14
220,"Petrowsky, Thelma",93554,0,Data Analyst,MA,1886,09/16/84,F,Married,US Citizen,No,Black or African American,11/10/2014,,N/A-StillEmployed,Active,IT/IS,Simon Roup,Employee Referral,Exceeds,4.6,5,7,1/4/2019,0,16
221,"Pham, Hong",64724,1,Production Technician I,MA,2451,03/06/88,M ,Married,US Citizen,No,Asian,7/5/2011,11/30/2012,more money,Voluntarily Terminated,Production       ,Brannon Miller,Google Search,Fully Meets,5.0,3,0,2/20/2012,0,13
222,"Pitt, Brad ",47001,0,Production Technician I,MA,2451,11/23/81,M ,Single,US Citizen,No,White,11/5/2007,,N/A-StillEmployed,Active,Production       ,David Stanley,Google Search,Fully Meets,3.66,3,0,2/25/2019,0,15
223,"Potts, Xana",61844,0,Area Sales Manager,KY,40220,08/29/88,F,Married,US Citizen,No,Black or African American,1/9/2012,,N/A-StillEmployed,Active,Sales,Lynn Daneault,Website,Fully Meets,4.2,5,0,2/1/2019,0,9
224,"Power, Morissa",46799,1,Production Technician I,MA,1742,10/15/84,F,Divorced,Eligible NonCitizen,No,Asian,5/16/2011,6/4/2018,Another position,Voluntarily Terminated,Production       ,Kissy Sullivan,Google Search,Fully Meets,3.17,4,0,4/2/2018,0,14
225,"Punjabhi, Louis  ",59472,0,Production Technician I,MA,2109,06/19/61,M ,Single,US Citizen,No,White,1/6/2014,,N/A-StillEmployed,Active,Production       ,Kelley Spirea,Employee Referral,Fully Meets,4.8,3,0,1/7/2019,0,14
226,"Purinton, Janine",46430,1,Production Technician I,MA,2474,09/22/70,F,Divorced,US Citizen,No,White,9/24/2012,6/18/2013,unhappy,Voluntarily Terminated,Production       ,Kissy Sullivan,Indeed,Fully Meets,4.5,5,0,4/2/2013,0,16
227,"Quinn, Sean",83363,1,Software Engineer,MA,2045,11/06/84,M ,Married,Eligible NonCitizen,No,Black or African American,2/21/2011,8/15/2015,career change,Voluntarily Terminated,Software Engineering,Janet King,Diversity Job Fair,Fully Meets,4.15,4,0,4/19/2014,0,4
228,"Rachael, Maggie",95920,0,BI Developer,MA,2110,05/12/80,F,Married,US Citizen,No,Black or African American,10/2/2016,,N/A-StillEmployed,Active,IT/IS,Brian Champaigne,Indeed,Fully Meets,4.4,4,6,2/6/2019,0,10
229,"Rarrick, Quinn",61729,1,Production Technician I,MA,2478,12/31/84,M ,Divorced,US Citizen,No,White,9/26/2011,4/7/2018,more money,Voluntarily Terminated,Production       ,Michael Albert,Indeed,Fully Meets,3.8,5,0,2/4/2018,0,19
230,"Ren, Kylo",61809,0,Area Sales Manager,ID,83706,10/12/54,M ,Married,US Citizen,No,White,5/12/2014,,N/A-StillEmployed,Active,Sales,John Smith,CareerBuilder,Fully Meets,3.98,3,0,1/28/2019,0,4
231,"Rhoads, Thomas",45115,1,Production Technician I,MA,2176,07/22/82,M ,Divorced,US Citizen,Yes,White,5/16/2011,1/15/2016,retiring,Voluntarily Terminated,Production       ,Elijiah Gray,LinkedIn,Fully Meets,5.0,4,0,3/30/2015,0,11
232,"Rivera, Haley  ",46738,0,Production Technician I,MA,2171,01/12/73,F,Married,US Citizen,No,Asian,11/28/2011,,N/A-StillEmployed,Active,Production       ,Webster Butler,Google Search,Exceeds,4.36,5,0,2/11/2019,0,16
233,"Roberson, May",64971,1,Production Technician II,MA,1902,09/05/81,F,Divorced,Eligible NonCitizen,No,Black or African American,9/26/2011,10/22/2011,return to school,Voluntarily Terminated,Production       ,David Stanley,Google Search,Fully Meets,4.5,4,0,10/22/2011,0,10
234,"Robertson, Peter",55578,1,Production Technician II,MA,2138,07/03/72,M ,Married,US Citizen,No,White,7/5/2011,2/8/2012,Another position,Voluntarily Terminated,Production       ,Kissy Sullivan,Indeed,Fully Meets,4.2,5,0,1/6/2012,0,13
235,"Robinson, Alain  ",50428,1,Production Technician I,MA,1420,01/07/74,M ,Married,US Citizen,No,Black or African American,1/10/2011,1/26/2016,attendance,Voluntarily Terminated,Production       ,Amy Dunn,Indeed,Fully Meets,5.0,3,0,1/10/2015,0,11
236,"Robinson, Cherly",61422,1,Production Technician I,MA,1460,01/07/85,F,Married,US Citizen,No,White,1/10/2011,5/17/2016,attendance,Terminated for Cause,Production       ,Ketsia Liebig,Indeed,Needs Improvement,3.6,3,0,4/5/2016,4,16
237,"Robinson, Elias",63353,0,Production Technician I,MA,1730,01/28/85,M ,Widowed,US Citizen,No,White,7/8/2013,,N/A-StillEmployed,Active,Production       ,Brannon Miller,Employee Referral,Exceeds,3.6,5,0,2/11/2019,0,4
238,"Roby, Lori ",89883,0,Data Analyst,MA,1886,10/11/81,F,Married,US Citizen,No,White,2/16/2015,,N/A-StillEmployed,Active,IT/IS,Simon Roup,Employee Referral,Fully Meets,3.69,5,6,2/14/2019,0,15
239,"Roehrich, Bianca",120000,1,Principal Data Architect,MA,2703,05/27/73,F,Single,US Citizen,Yes,White,1/5/2015,11/10/2018,Another position,Voluntarily Terminated,IT/IS,Simon Roup,LinkedIn,Fully Meets,3.88,3,7,2/13/2018,0,12
240,"Roper, Katie",150290,0,Data Architect,MA,2056,11/21/72,F,Single,US Citizen,No,Black or African American,1/7/2017,,N/A-StillEmployed,Active,IT/IS,Brian Champaigne,Indeed,Fully Meets,4.94,3,5,2/6/2019,0,17
241,"Rose, Ashley  ",60627,0,Production Technician I,MA,1886,12/05/74,F,Separated,US Citizen,No,White,1/6/2014,,N/A-StillEmployed,Active,Production       ,David Stanley,Website,Fully Meets,5.0,4,0,1/31/2019,0,8
242,"Rossetti, Bruno",53180,1,Production Technician I,MA,2155,03/18/87,M ,Single,US Citizen,No,White,4/4/2011,8/13/2018,Another position,Voluntarily Terminated,Production       ,Kissy Sullivan,Google Search,Fully Meets,5.0,5,0,7/2/2018,0,4
243,"Roup,Simon",140920,0,IT Manager - DB,MA,2481,04/05/73,M ,Single,US Citizen,No,White,1/20/2013,,N/A-StillEmployed,Active,IT/IS,Jennifer Zamora,Indeed,Fully Meets,3.6,5,7,2/18/2019,0,13
244,"Ruiz, Ricardo",148999,1,IT Manager - DB,MA,1915,01/04/64,M ,Divorced,US Citizen,No,Black or African American,1/9/2012,11/4/2015,hours,Voluntarily Terminated,IT/IS,Jennifer Zamora,Diversity Job Fair,Fully Meets,4.3,4,6,1/4/2015,0,8
245,"Saada, Adell",86214,0,Software Engineer,MA,2132,07/24/86,F,Married,US Citizen,No,White,11/5/2012,,N/A-StillEmployed,Active,Software Engineering,Alex Sweetwater,Indeed,Fully Meets,4.2,3,6,2/13/2019,0,2
246,"Saar-Beckles, Melinda",47750,0,Production Technician I,MA,1801,06/06/68,F,Single,US Citizen,No,Black or African American,7/4/2016,,N/A-StillEmployed,Active,Production       ,Kelley Spirea,Diversity Job Fair,Needs Improvement,2.6,4,0,2/18/2019,5,4
247,"Sadki, Nore  ",46428,1,Production Technician I,MA,2148,12/21/74,M ,Single,US Citizen,No,White,1/5/2009,7/30/2018,relocation out of area,Voluntarily Terminated,Production       ,Michael Albert,Google Search,Fully Meets,4.6,5,0,2/5/2018,0,7
248,"Sahoo, Adil",57975,0,Production Technician II,MA,2062,04/26/86,M ,Married,US Citizen,No,White,8/30/2010,,N/A-StillEmployed,Active,Production       ,Kelley Spirea,CareerBuilder,Fully Meets,4.1,3,0,1/10/2019,0,13
249,"Salter, Jason",88527,1,Data Analyst ,MA,2452,12/17/87,M ,Divorced,US Citizen,No,Black or African American,1/5/2015,10/31/2015,hours,Voluntarily Terminated,IT/IS,Simon Roup,LinkedIn,Fully Meets,4.2,3,5,4/20/2015,0,2
250,"Sander, Kamrin",56147,0,Production Technician I,MA,2154,07/10/88,F,Married,US Citizen,No,Black or African American,9/29/2014,,N/A-StillEmployed,Active,Production       ,Elijiah Gray,LinkedIn,Fully Meets,3.51,3,0,2/18/2019,0,2
251,"Sewkumar, Nori",50923,0,Production Technician I,MA,2191,03/10/75,F,Single,US Citizen,No,Asian,9/30/2013,,N/A-StillEmployed,Active,Production       ,Webster Butler,Google Search,Fully Meets,5.0,5,0,2/6/2019,0,14
252,"Shepard, Anita ",50750,0,Network Engineer,MA,1773,04/14/81,F,Married,US Citizen,No,White,9/30/2014,,N/A-StillEmployed,Active,IT/IS,Peter Monroe,LinkedIn,Fully Meets,3.31,3,6,1/7/2019,0,7
253,"Shields, Seffi",52087,0,Production Technician I,MA,2149,08/24/85,F,Married,US Citizen,No,White,8/19/2013,,N/A-StillEmployed,Active,Production       ,Amy Dunn,LinkedIn,Fully Meets,4.81,4,0,2/15/2019,0,15
254,"Simard, Kramer",87826,0,Data Analyst,MA,2110,02/08/70,M ,Married,US Citizen,Yes,White,1/5/2015,,N/A-StillEmployed,Active,IT/IS,Simon Roup,Employee Referral,Fully Meets,3.32,3,7,1/14/2019,0,16
255,"Singh, Nan ",51920,0,Administrative Assistant,MA,2330,05/19/88,F,Single,US Citizen,No,White,5/1/2015,,N/A-StillEmployed,Active,Admin Offices,Brandon R. LeBlanc,Website,Fully Meets,5.0,3,5,1/15/2019,0,2
256,"Sloan, Constance",63878,1,Production Technician II,MA,1851,11/25/87,F,Single,US Citizen,No,White,10/26/2009,4/8/2015,maternity leave - did not return,Voluntarily Terminated,Production       ,Michael Albert,CareerBuilder,Fully Meets,4.68,4,0,4/2/2015,0,20
257,"Smith, Joe",60656,0,Production Technician II,MA,2045,10/30/63,M ,Single,US Citizen,No,White,9/29/2014,,N/A-StillEmployed,Active,Production       ,Elijiah Gray,Indeed,Exceeds,4.3,3,0,1/28/2019,0,4
258,"Smith, John",72992,0,Sales Manager,MA,1886,08/16/84,M ,Divorced,US Citizen,No,Black or African American,5/18/2014,,N/A-StillEmployed,Active,Sales,Debra Houlihan,Diversity Job Fair,Needs Improvement,2.4,4,0,1/16/2019,2,16
259,"Smith, Leigh Ann",55000,1,Administrative Assistant,MA,1844,06/14/87,F,Married,US Citizen,No,Black or African American,9/26/2011,9/25/2013,career change,Voluntarily Terminated,Admin Offices,Brandon R. LeBlanc,Diversity Job Fair,Fully Meets,3.8,4,4,8/15/2013,0,17
260,"Smith, Sade",58939,0,Production Technician I,MA,2130,02/02/65,F,Single,US Citizen,No,White,11/11/2013,,N/A-StillEmployed,Active,Production       ,Ketsia Liebig,Employee Referral,Fully Meets,3.73,3,0,1/24/2019,0,16
261,"Soto, Julia ",66593,0,IT Support,MA,2360,03/12/73,F,Married,US Citizen,No,Black or African American,6/10/2011,,N/A-StillEmployed,Active,IT/IS,Eric Dougall,LinkedIn,Fully Meets,4.3,3,5,2/8/2019,0,19
262,"Soze, Keyser",87565,0,Sr. Network Engineer,MA,1545,02/09/83,M ,Married,US Citizen,No,Asian,6/30/2016,,N/A-StillEmployed,Active,IT/IS,Peter Monroe,LinkedIn,Fully Meets,3.27,4,5,1/14/2019,0,13
263,"Sparks, Taylor  ",64021,0,Production Technician I,MA,2093,07/20/68,F,Married,US Citizen,No,White,2/20/2012,,N/A-StillEmployed,Active,Production       ,Brannon Miller,Indeed,PIP,2.4,2,1,2/25/2019,6,20
264,"Spirea, Kelley",65714,0,Production Manager,MA,2451,09/30/75,F,Married,US Citizen,No,White,10/2/2012,,N/A-StillEmployed,Active,Production       ,Janet King,LinkedIn,Fully Meets,4.83,5,0,2/14/2019,0,15
265,"Squatrito, Kristen",62425,1,Production Technician I,MA,2359,03/26/73,F,Divorced,US Citizen,No,White,5/13/2013,6/29/2015,unhappy,Voluntarily Terminated,Production       ,David Stanley,LinkedIn,Exceeds,4.1,4,0,3/2/2015,0,16
266,"Stanford,Barbara  M",47961,0,Production Technician I,MA,2050,08/25/82,F,Divorced,US Citizen,No,Two or more races,1/10/2011,,N/A-StillEmployed,Active,Production       ,Kissy Sullivan,Google Search,Fully Meets,4.1,4,0,2/7/2019,0,9
267,"Stansfield, Norman",58273,0,Area Sales Manager,NV,89139,05/09/74,M ,Married,US Citizen,No,White,5/12/2014,,N/A-StillEmployed,Active,Sales,Lynn Daneault,Website,PIP,1.81,2,0,1/17/2019,3,5
268,"Steans, Tyrone  ",63003,0,Accountant I,MA,2703,09/01/86,M ,Single,US Citizen,No,White,9/29/2014,,N/A-StillEmployed,Active,Admin Offices,Brandon R. LeBlanc,Indeed,Fully Meets,3.9,5,5,1/18/2019,0,9
269,"Stoica, Rick",61355,0,Production Technician I,MA,2301,03/14/85,M ,Married,US Citizen,No,Asian,2/17/2014,,N/A-StillEmployed,Active,Production       ,Kelley Spirea,LinkedIn,Fully Meets,4.7,3,0,1/11/2019,0,4
270,"Strong, Caitrin",60120,0,Area Sales Manager,MT,59102,05/12/89,F,Married,US Citizen,No,Black or African American,9/27/2010,,N/A-StillEmployed,Active,Sales,John Smith,Indeed,Fully Meets,4.1,4,0,1/31/2019,0,18
271,"Sullivan, Kissy ",63682,0,Production Manager,MA,1776,03/28/78,F,Married,US Citizen,No,Black or African American,1/8/2009,,N/A-StillEmployed,Active,Production       ,Janet King,Indeed,Fully Meets,3.73,4,0,1/24/2019,0,12
272,"Sullivan, Timothy",63025,0,Production Technician I,MA,2747,10/07/82,M ,Married,US Citizen,Yes,White,1/5/2015,,N/A-StillEmployed,Active,Production       ,Michael Albert,Google Search,Fully Meets,4.36,5,0,1/24/2019,0,10
273,"Sutwell, Barbara",59238,0,Production Technician I,MA,2718,08/15/68,F,Single,Eligible NonCitizen,No,Asian,5/14/2012,,N/A-StillEmployed,Active,Production       ,Elijiah Gray,Indeed,Fully Meets,3.4,5,0,1/31/2019,0,13
274,"Szabo, Andrew",92989,0,Software Engineer,MA,2140,05/06/83,M ,Single,US Citizen,No,White,7/7/2014,,N/A-StillEmployed,Active,Software Engineering,Alex Sweetwater,LinkedIn,Exceeds,4.5,5,5,2/18/2019,0,1
275,"Tannen, Biff",90100,0,BI Developer,MA,2134,10/24/87,M ,Married,US Citizen,No,White,4/20/2017,,N/A-StillEmployed,Active,IT/IS,Brian Champaigne,Indeed,Fully Meets,3.4,3,6,1/2/2019,0,14
276,"Tavares, Desiree  ",60754,1,Production Technician I,MA,1801,04/03/75,F,Married,Non-Citizen,No,Black or African American,4/27/2009,4/1/2013,Another position,Voluntarily Terminated,Production       ,Webster Butler,Diversity Job Fair,Fully Meets,4.5,5,0,2/15/2012,0,11
277,"Tejeda, Lenora ",72202,1,Production Technician II,MA,2129,05/24/53,F,Married,US Citizen,No,White,5/16/2011,7/8/2017,Another position,Voluntarily Terminated,Production       ,Elijiah Gray,Google Search,Fully Meets,3.93,3,0,4/18/2017,0,3
278,"Terry, Sharlene ",58370,0,Area Sales Manager,OR,97756,05/07/65,F,Single,US Citizen,No,Black or African American,9/29/2014,,N/A-StillEmployed,Active,Sales,Lynn Daneault,Indeed,Fully Meets,3.69,3,0,1/28/2019,0,18
279,"Theamstern, Sophia",48413,1,Production Technician I,MA,2066,05/09/65,F,Single,US Citizen,No,White,7/5/2011,9/5/2016,return to school,Voluntarily Terminated,Production       ,Amy Dunn,Indeed,Fully Meets,3.98,4,0,3/2/2016,0,1
280,"Thibaud, Kenneth",67176,1,Production Technician II,MA,2472,09/16/75,M ,Widowed,US Citizen,No,White,6/25/2007,8/30/2010,military,Voluntarily Terminated,Production       ,Webster Butler,Other,Fully Meets,4.1,4,0,7/14/2010,0,15
281,"Tippett, Jeanette",56339,0,Production Technician I,MA,2093,06/05/67,F,Divorced,US Citizen,No,Black or African American,2/18/2013,,N/A-StillEmployed,Active,Production       ,Brannon Miller,Indeed,Fully Meets,4.21,5,0,1/14/2019,0,4
282,"Torrence, Jack",64397,0,Area Sales Manager,ND,58782,01/15/68,M ,Separated,US Citizen,No,White,1/9/2006,,N/A-StillEmployed,Active,Sales,Lynn Daneault,Indeed,Exceeds,4.1,3,0,1/4/2019,0,6
283,"Trang, Mei",63025,0,Production Technician I,MA,2021,05/16/83,F,Single,US Citizen,No,White,2/17/2014,,N/A-StillEmployed,Active,Production       ,David Stanley,LinkedIn,Needs Improvement,2.44,5,0,2/11/2019,4,18
284,"Tredinnick, Neville ",75281,1,Network Engineer,MA,1420,05/05/88,M ,Married,US Citizen,No,White,1/5/2015,2/12/2016,medical issues,Voluntarily Terminated,IT/IS,Peter Monroe,CareerBuilder,Fully Meets,5.0,3,5,4/15/2015,0,11
285,"True, Edward",100416,1,Software Engineer,MA,2451,06/14/83,M ,Single,Non-Citizen,No,Black or African American,2/18/2013,4/15/2018,medical issues,Voluntarily Terminated,Software Engineering,Alex Sweetwater,Diversity Job Fair,Fully Meets,4.6,3,4,2/12/2017,0,9
286,"Trzeciak, Cybil",74813,1,Production Technician II,MA,1778,03/15/85,F,Single,US Citizen,No,White,1/10/2011,7/2/2014,unhappy,Voluntarily Terminated,Production       ,Amy Dunn,LinkedIn,Fully Meets,4.4,3,0,1/5/2014,0,5
287,"Turpin, Jumil",76029,0,Network Engineer,MA,2343,03/31/69,M ,Married,Eligible NonCitizen,No,White,3/30/2015,,N/A-StillEmployed,Active,IT/IS,Peter Monroe,Employee Referral,Fully Meets,5.0,4,7,1/14/2019,0,8
288,"Valentin,Jackie",57859,0,Area Sales Manager,AZ,85006,05/23/91,F,Married,US Citizen,No,Two or more races,7/5/2011,,N/A-StillEmployed,Active,Sales,John Smith,Indeed,Fully Meets,2.81,3,0,1/17/2019,0,16
289,"Veera, Abdellah ",58523,1,Production Technician I,MA,2171,01/31/87,M ,Divorced,US Citizen,No,White,8/13/2012,2/5/2016,maternity leave - did not return,Voluntarily Terminated,Production       ,Kissy Sullivan,LinkedIn,Exceeds,4.5,5,0,2/1/2016,0,15
290,"Vega, Vincent",88976,0,Production Manager,MA,2169,10/10/68,M ,Divorced,US Citizen,No,White,8/1/2011,,N/A-StillEmployed,Active,Production       ,Janet King,Employee Referral,Fully Meets,3.93,3,0,2/27/2019,0,19
291,"Villanueva, Noah",55875,0,Area Sales Manager,ME,4063,07/11/89,M ,Single,US Citizen,No,Asian,3/5/2012,,N/A-StillEmployed,Active,Sales,John Smith,Website,Fully Meets,4.5,4,0,1/18/2019,0,11
292,"Voldemort, Lord",113999,1,Database Administrator,MA,1960,08/07/86,M ,Married,US Citizen,No,Black or African American,2/16/2015,2/22/2017,"no-call, no-show",Terminated for Cause,IT/IS,Simon Roup,Employee Referral,Fully Meets,4.33,3,7,2/15/2017,0,9
293,"Volk, Colleen",49773,1,Production Technician I,MA,2747,06/03/86,F,Married,US Citizen,No,White,9/26/2011,2/8/2016,gross misconduct,Terminated for Cause,Production       ,Kelley Spirea,Google Search,Exceeds,4.3,5,0,2/1/2015,0,18
294,"Von Massenbach, Anna",62068,0,Production Technician I,MA,2124,04/06/85,F,Single,US Citizen,No,White,7/5/2015,,N/A-StillEmployed,Active,Production       ,Michael Albert,LinkedIn,Fully Meets,3.21,3,0,1/29/2019,0,7
295,"Walker, Roger",66541,0,Production Technician II,MA,2459,02/10/76,M ,Single,US Citizen,No,Black or African American,8/18/2014,,N/A-StillEmployed,Active,Production       ,Ketsia Liebig,Employee Referral,Fully Meets,3.11,5,0,2/12/2019,0,4
296,"Wallace, Courtney  E",80512,1,Production Manager,MA,2478,11/14/55,F,Married,US Citizen,No,Black or African American,9/26/2011,1/2/2012,Another position,Voluntarily Terminated,Production       ,Janet King,Diversity Job Fair,Fully Meets,4.5,3,0,1/2/2012,0,5
297,"Wallace, Theresa",50274,1,Production Technician I,MA,1887,08/02/80,F,Single,US Citizen,No,White,8/13/2012,9/1/2015,career change,Voluntarily Terminated,Production       ,Elijiah Gray,CareerBuilder,Needs Improvement,2.5,3,0,9/5/2014,6,13
298,"Wang, Charlie",84903,0,Senior BI Developer,MA,1887,07/08/81,M ,Single,US Citizen,No,Asian,2/15/2017,,N/A-StillEmployed,Active,IT/IS,Brian Champaigne,Indeed,Fully Meets,3.42,4,7,1/4/2019,0,17
299,"Warfield, Sarah",107226,0,Sr. Network Engineer,MA,2453,05/02/78,F,Widowed,US Citizen,No,Asian,3/30/2015,,N/A-StillEmployed,Active,IT/IS,Peter Monroe,Employee Referral,Fully Meets,4.2,4,8,2/5/2019,0,7
300,"Whittier, Scott",58371,1,Production Technician I,MA,2030,05/24/87,M ,Single,US Citizen,Yes,White,1/10/2011,5/15/2014,hours,Voluntarily Terminated,Production       ,Webster Butler,LinkedIn,Fully Meets,5.0,5,0,5/15/2014,0,11
301,"Wilber, Barry",55140,1,Production Technician I,MA,2324,09/09/65,M ,Married,Eligible NonCitizen,No,White,5/16/2011,9/7/2015,unhappy,Voluntarily Terminated,Production       ,Amy Dunn,Website,Fully Meets,5.0,3,0,2/15/2015,0,7
302,"Wilkes, Annie",58062,1,Production Technician I,MA,1876,07/30/83,F,Divorced,US Citizen,No,White,1/10/2011,5/14/2012,Another position,Voluntarily Terminated,Production       ,Ketsia Liebig,Google Search,Fully Meets,3.6,5,0,2/6/2011,0,9
303,"Williams, Jacquelyn  ",59728,1,Production Technician I,MA,2109,10/02/69,F,Single,US Citizen,Yes,Black or African American,1/9/2012,6/27/2015,relocation out of area,Voluntarily Terminated,Production       ,Ketsia Liebig,Diversity Job Fair,Fully Meets,4.3,4,0,6/2/2014,0,16
304,"Winthrop, Jordan  ",70507,1,Production Technician II,MA,2045,11/07/58,M ,Single,US Citizen,No,White,1/7/2013,2/21/2016,retiring,Voluntarily Terminated,Production       ,Brannon Miller,LinkedIn,Exceeds,5.0,3,0,1/19/2016,0,7
305,"Wolk, Hang  T",60446,0,Production Technician II,MA,2302,04/20/85,F,Single,US Citizen,No,White,9/29/2014,,N/A-StillEmployed,Active,Production       ,David Stanley,LinkedIn,Fully Meets,3.4,4,0,2/21/2019,0,14
306,"Woodson, Jason",65893,0,Production Technician II,MA,1810,05/11/85,M ,Single,US Citizen,No,White,7/7/2014,,N/A-StillEmployed,Active,Production       ,Kissy Sullivan,LinkedIn,Fully Meets,4.07,4,0,2/28/2019,0,13
307,"Ybarra, Catherine ",48513,1,Production Technician I,MA,2458,05/04/82,F,Single,US Citizen,No,Asian,9/2/2008,9/29/2015,Another position,Voluntarily Terminated,Production       ,Brannon Miller,Google Search,PIP,3.2,2,0,9/2/2015,5,4
308,"Zamora, Jennifer",220450,0,CIO,MA,2067,08/30/79,F,Single,US Citizen,No,White,4/10/2010,,N/A-StillEmployed,Active,IT/IS,Janet King,Employee Referral,Exceeds,4.6,5,6,2/21/2019,0,16
309,"Zhou, Julia",89292,0,Data Analyst,MA,2148,02/24/79,F,Single,US Citizen,No,White,3/30/2015,,N/A-StillEmployed,Active,IT/IS,Simon Roup,Employee Referral,Fully Meets,5.0,3,5,2/1/2019,0,11
310,"Zima, Colleen",45046,0,Production Technician I,MA,1730,08/17/78,F,Widowed,US Citizen,No,Asian,9/29/2014,,N/A-StillEmployed,Active,Production       ,David Stanley,LinkedIn,Fully Meets,4.5,5,0,1/30/2019,0,2
